https://www.cnn.com,terms,terms of service with clare duffy,https://www.cnn.com/audio/podcasts/terms-of-service-with-clare-duffy
https://www.cnn.com,terms,"the exact terms remain known to only a few, with at times contradictory statements from washington and tehran.",/2026/06/16/politics/g7-us-iran-agreement-details-uncertainty
https://www.cnn.com,terms,terms of service with clare duffy,https://www.cnn.com/audio/podcasts/terms-of-service-with-clare-duffy
https://www.cnn.com,terms,terms of use,https://www.cnn.com/terms
https://www.cnn.com,privacy,privacy policy,https://www.cnn.com/privacy
https://github.com,policy,terms,https://docs.github.com/site-policy/github-terms/github-terms-of-service
https://github.com,privacy,privacy,https://docs.github.com/site-policy/privacy-policies/github-privacy-statement
https://github.com,policy,(updated 02/2024)02/2024,https://github.com/github/site-policy/pull/582
https://github.com,policy,terms,https://docs.github.com/site-policy/github-terms/github-terms-of-service
https://github.com,privacy,privacy,https://docs.github.com/site-policy/privacy-policies/github-privacy-statement
https://github.com,policy,(updated 02/2024)02/2024,https://github.com/github/site-policy/pull/582
2026-06-16T14:14:52,https://target.com,terms,get $100 in  rewardswhen approved for a  credit card**offer thru . now thru 6/26. terms apply.,http://www.target.com/circlecard/?cpng=circlecard9287
2026-06-16T14:14:52,https://target.com,privacy,privacy policy,/c/target-privacy-policy/-/n-4sr7p
2026-06-17T15:55:50,https://www.target.com/,terms,get $100 in  rewardswhen approved for a  credit card**offer thru . now thru 6/26. terms apply.,http://www.target.com/circlecard/?cpng=circlecard9287
2026-06-17T15:55:50,https://www.target.com/,privacy,privacy policy,/c/target-privacy-policy/-/n-4sr7p
2026-06-17T16:12:47,https://www.cnn.com/,terms,terms of service with clare duffy,https://www.cnn.com/audio/podcasts/terms-of-service-with-clare-duffy
2026-06-17T16:12:47,https://www.cnn.com/,terms,alyssa pointer/reuters,/2026/06/17/politics/georgia-redistricting-republicans-us-house-midterms
2026-06-17T16:12:47,https://www.cnn.com/,terms,georgia republican legislative leaders reject governor’s call for 2028 redistricting,/2026/06/17/politics/georgia-redistricting-republicans-us-house-midterms
2026-06-17T16:12:47,https://www.cnn.com/,cookie,crispy fries. perfectly baked cookies. these toaster ovens do both easily,/cnn-underscored/reviews/best-toaster-ovens
2026-06-17T16:12:47,https://www.cnn.com/,terms,terms of service with clare duffy,https://www.cnn.com/audio/podcasts/terms-of-service-with-clare-duffy
2026-06-17T16:12:47,https://www.cnn.com/,terms,terms of use,https://www.cnn.com/terms
2026-06-17T16:12:47,https://www.cnn.com/,privacy,privacy policy,https://www.cnn.com/privacy
2026-06-17T16:16:18,https://www.cnn.com/,terms,terms of service with clare duffy,https://www.cnn.com/audio/podcasts/terms-of-service-with-clare-duffy
2026-06-17T16:16:18,https://www.cnn.com/,terms,alyssa pointer/reuters,/2026/06/17/politics/georgia-redistricting-republicans-us-house-midterms
2026-06-17T16:16:18,https://www.cnn.com/,terms,georgia republican legislative leaders reject governor’s call for 2028 redistricting,/2026/06/17/politics/georgia-redistricting-republicans-us-house-midterms
2026-06-17T16:16:18,https://www.cnn.com/,cookie,crispy fries. perfectly baked cookies. these toaster ovens do both easily,/cnn-underscored/reviews/best-toaster-ovens
2026-06-17T16:16:18,https://www.cnn.com/,terms,terms of service with clare duffy,https://www.cnn.com/audio/podcasts/terms-of-service-with-clare-duffy
2026-06-17T16:16:18,https://www.cnn.com/,terms,terms of use,https://www.cnn.com/terms
2026-06-17T16:16:18,https://www.cnn.com/,privacy,privacy policy,https://www.cnn.com/privacy
2026-06-17T16:16:49,https://www.cnn.com/,terms,terms of service with clare duffy,https://www.cnn.com/audio/podcasts/terms-of-service-with-clare-duffy
2026-06-17T16:16:49,https://www.cnn.com/,terms,alyssa pointer/reuters,/2026/06/17/politics/georgia-redistricting-republicans-us-house-midterms
2026-06-17T16:16:49,https://www.cnn.com/,terms,georgia republican legislative leaders reject governor’s call for 2028 redistricting,/2026/06/17/politics/georgia-redistricting-republicans-us-house-midterms
2026-06-17T16:16:49,https://www.cnn.com/,cookie,crispy fries. perfectly baked cookies. these toaster ovens do both easily,/cnn-underscored/reviews/best-toaster-ovens
2026-06-17T16:16:49,https://www.cnn.com/,terms,terms of service with clare duffy,https://www.cnn.com/audio/podcasts/terms-of-service-with-clare-duffy
2026-06-17T16:16:49,https://www.cnn.com/,terms,terms of use,https://www.cnn.com/terms
2026-06-17T16:16:49,https://www.cnn.com/,privacy,privacy policy,https://www.cnn.com/privacy
2026-06-17T16:31:32,https://www.cnn.com/,terms,terms of service with clare duffy,https://www.cnn.com/audio/podcasts/terms-of-service-with-clare-duffy
2026-06-17T16:31:32,https://www.cnn.com/,terms,alyssa pointer/reuters,/2026/06/17/politics/georgia-redistricting-republicans-us-house-midterms
2026-06-17T16:31:32,https://www.cnn.com/,terms,georgia republican legislative leaders reject governor’s call for 2028 redistricting,/2026/06/17/politics/georgia-redistricting-republicans-us-house-midterms
2026-06-17T16:31:32,https://www.cnn.com/,cookie,crispy fries. perfectly baked cookies. these toaster ovens do both easily,/cnn-underscored/reviews/best-toaster-ovens
2026-06-17T16:31:32,https://www.cnn.com/,terms,terms of service with clare duffy,https://www.cnn.com/audio/podcasts/terms-of-service-with-clare-duffy
2026-06-17T16:31:32,https://www.cnn.com/,terms,terms of use,https://www.cnn.com/terms
2026-06-17T16:31:32,https://www.cnn.com/,privacy,privacy policy,https://www.cnn.com/privacy
2026-06-17T16:32:59,https://cnn.com,terms,terms of service with clare duffy,https://www.cnn.com/audio/podcasts/terms-of-service-with-clare-duffy
2026-06-17T16:32:59,https://cnn.com,terms,alyssa pointer/reuters,/2026/06/17/politics/georgia-redistricting-republicans-us-house-midterms
2026-06-17T16:32:59,https://cnn.com,terms,georgia republican legislative leaders reject governor’s call for 2028 redistricting,/2026/06/17/politics/georgia-redistricting-republicans-us-house-midterms
2026-06-17T16:32:59,https://cnn.com,cookie,crispy fries. perfectly baked cookies. these toaster ovens do both easily,/cnn-underscored/reviews/best-toaster-ovens
2026-06-17T16:32:59,https://cnn.com,terms,terms of service with clare duffy,https://www.cnn.com/audio/podcasts/terms-of-service-with-clare-duffy
2026-06-17T16:32:59,https://cnn.com,terms,terms of use,https://www.cnn.com/terms
2026-06-17T16:32:59,https://cnn.com,privacy,privacy policy,https://www.cnn.com/privacy
2026-06-17T21:36:00,https://www.cnn.com/?refresh=1,terms,terms of service with clare duffy,https://www.cnn.com/audio/podcasts/terms-of-service-with-clare-duffy
2026-06-17T21:36:00,https://www.cnn.com/?refresh=1,policy,the federal reserve chairman’s views on monetary policy,https://www.cnn.com/videos/title-2598842?episode=2598846&source=subwall:vod:episode-2598846
2026-06-17T21:36:00,https://www.cnn.com/?refresh=1,terms,alyssa pointer/reuters,/2026/06/17/politics/georgia-redistricting-republicans-us-house-midterms
2026-06-17T21:36:00,https://www.cnn.com/?refresh=1,terms,georgia republican legislative leaders reject governor’s call for 2028 redistricting,/2026/06/17/politics/georgia-redistricting-republicans-us-house-midterms
2026-06-17T21:36:00,https://www.cnn.com/?refresh=1,cookie,crispy fries. perfectly baked cookies. these toaster ovens do both easily,/cnn-underscored/reviews/best-toaster-ovens
2026-06-17T21:36:00,https://www.cnn.com/?refresh=1,terms,terms of service with clare duffy,https://www.cnn.com/audio/podcasts/terms-of-service-with-clare-duffy
2026-06-17T21:36:00,https://www.cnn.com/?refresh=1,terms,terms of use,https://www.cnn.com/terms
2026-06-17T21:36:00,https://www.cnn.com/?refresh=1,privacy,privacy policy,https://www.cnn.com/privacy
2026-06-17T21:36:34,https://target.com,terms,get $100 in  rewardswhen approved for a  credit card**offer thru . now thru 6/26. terms apply.,http://www.target.com/circlecard/?cpng=circlecard9287
2026-06-17T21:36:34,https://target.com,privacy,privacy policy,/c/target-privacy-policy/-/n-4sr7p
2026-06-19T23:52:04,https://www.youtube.com/,terms,terms,/t/terms
2026-06-19T23:52:04,https://www.youtube.com/,privacy,privacy,/t/privacy
2026-06-19T23:52:04,https://www.youtube.com/,policy,policy & safety,https://www.youtube.com/about/policies/
2026-06-24T11:36:43,https://www.coursera.org/programs/ttu-career-academy-students-oyanc/professional-certificates/google-cybersecurity?authProvider=ttu&source=search,terms,terms,https://www.coursera.org/about/terms
2026-06-24T11:36:43,https://www.coursera.org/programs/ttu-career-academy-students-oyanc/professional-certificates/google-cybersecurity?authProvider=ttu&source=search,privacy,privacy,https://www.coursera.org/about/privacy
2026-06-24T11:36:43,https://www.coursera.org/programs/ttu-career-academy-students-oyanc/professional-certificates/google-cybersecurity?authProvider=ttu&source=search,cookie,do not sell/share,/about/cookies-manage
2026-06-24T12:48:08,https://www.coursera.org/programs/ttu-career-academy-students-oyanc/professional-certificates/google-cybersecurity?authProvider=ttu&source=search,terms,terms,https://www.coursera.org/about/terms
2026-06-24T12:48:08,https://www.coursera.org/programs/ttu-career-academy-students-oyanc/professional-certificates/google-cybersecurity?authProvider=ttu&source=search,privacy,privacy,https://www.coursera.org/about/privacy
2026-06-24T12:48:08,https://www.coursera.org/programs/ttu-career-academy-students-oyanc/professional-certificates/google-cybersecurity?authProvider=ttu&source=search,cookie,do not sell/share,/about/cookies-manage
2026-06-24T13:39:35,https://www.coursera.org/programs/ttu-career-academy-students-oyanc/browse?authProvider=ttu&query=google+cybersecurity+professional+certificate,terms,terms,https://www.coursera.org/about/terms
2026-06-24T13:39:35,https://www.coursera.org/programs/ttu-career-academy-students-oyanc/browse?authProvider=ttu&query=google+cybersecurity+professional+certificate,privacy,privacy,https://www.coursera.org/about/privacy
2026-06-24T13:39:35,https://www.coursera.org/programs/ttu-career-academy-students-oyanc/browse?authProvider=ttu&query=google+cybersecurity+professional+certificate,cookie,do not sell/share,/about/cookies-manage
2026-06-25T16:58:29,https://www.target.com/,terms,get $100 in  rewardswhen approved for a  credit card**offer thru . now thru 6/26. terms apply.,http://www.target.com/circlecard/?cpng=circlecard9287
2026-06-25T16:58:29,https://www.target.com/,terms,"20% offa purchase for military members, veterans & family members with valid thru 7/4. terms & conditions apply.",/l/target-circle-military-appreciation/-/n-ydibb
2026-06-25T16:58:29,https://www.target.com/,privacy,privacy policy,/c/target-privacy-policy/-/n-4sr7p
2026-06-25T18:53:52,https://www.depts.ttu.edu/coe/careers/students/jobfair.php,policy,general policy information,https://www.ttu.edu/policy/
2026-06-25T18:56:23,https://www.depts.ttu.edu/coe/careers/students/jobfair.php,policy,general policy information,https://www.ttu.edu/policy/
2026-06-25T19:06:47,https://www.depts.ttu.edu/coe/careers/students/jobfair.php,policy,general policy information,https://www.ttu.edu/policy/
2026-06-25T23:13:02,https://www.depts.ttu.edu/coe/careers/students/jobfair.php,policy,general policy information,https://www.ttu.edu/policy/
2026-06-25T23:25:25,https://www.instagram.com/,privacy,privacy,https://www.instagram.com/privacy
